{"r": [0.9162271550538015, 0.5506735898745501, 0.018675060806816246, 0.10632493691453804, 0.159978173583178, 0.04138081963776097, 0.6181197094776872, 0.26866060703471073, 0.27069553983748373, 0.7336593438986656], "cov_matrix": [[0.06384934759911395, 0.000534772068802993, 0.004103009495731309, -0.007532646216301352, -9.620140254470045e-05, 0.007249836958530502, -0.0033109221638507025, 0.0013130696733141536, -0.0009663432445383797, 0.0019057752194850588], [0.000534772068802993, 0.2207988331857373, 0.00028511437655767257, 0.003427208873916029, -0.008344674197572474, -0.0013191158075840743, -0.001204700723178468, -0.003939802688127641, 0.0001636408035176999, 0.0029573203990454935], [0.004103009495731309, 0.00028511437655767257, 0.1000670691041736, -0.006104809868251227, 0.003736222048384085, 0.00356735178547258, 0.002959305766265661, -0.008522885764720984, 0.0046933693444883105, -0.0018768440420383016], [-0.007532646216301352, 0.003427208873916029, -0.006104809868251227, 0.30084633762393864, 0.0008714342042070102, -0.00044312180993544194, 0.0007921349527286849, -0.0015975282646200307, -0.00021538285491682664, 0.0034680006557104084], [-9.620140254470045e-05, -0.008344674197572474, 0.003736222048384085, 0.0008714342042070102, 0.31854720478633486, -5.107190472352415e-05, 0.002158966929401855, 0.003966806818505075, 0.0069088476447993815, -0.003979281729214142], [0.007249836958530502, -0.0013191158075840743, 0.00356735178547258, -0.00044312180993544194, -5.107190472352415e-05, 0.1218813320888738, 0.008218370111479857, -0.0008205291635276085, -0.004196769532165786, 0.0025134547705582067], [-0.0033109221638507025, -0.001204700723178468, 0.002959305766265661, 0.0007921349527286849, 0.002158966929401855, 0.008218370111479857, 0.2825820903333085, 0.004004868083371341, 0.002976205590470067, -0.0015577747047778997], [0.0013130696733141536, -0.003939802688127641, -0.008522885764720984, -0.0015975282646200307, 0.003966806818505075, -0.0008205291635276085, 0.004004868083371341, 0.25741457692156094, -0.0005591018640918955, -0.000610579979270812], [-0.0009663432445383797, 0.0001636408035176999, 0.0046933693444883105, -0.00021538285491682664, 0.0069088476447993815, -0.004196769532165786, 0.002976205590470067, -0.0005591018640918955, 0.029190487833587013, -0.003146230844463304], [0.0019057752194850588, 0.0029573203990454935, -0.0018768440420383016, 0.0034680006557104084, -0.003979281729214142, 0.0025134547705582067, -0.0015577747047778997, -0.000610579979270812, -0.003146230844463304, 0.029719882791606367]]}