{"r": [0.66290806, 0.94342705, 0.43760754, 0.28350041, 0.77774674, 0.07932798], "cov_matrix": [[0.27646486, -0.00173511, -0.00201708, -0.00183283, 0.00479916, 0.00578717], [-0.00173511, 0.14154173, -0.00391264, 0.00186827, 0.00736171, -0.00121991], [-0.00201708, -0.00391264, 0.25668774, -0.00537354, -0.00217843, 0.00157087], [-0.00183283, 0.00186827, -0.00537354, 0.27720456, 0.00150741, -0.00154012], [0.00479916, 0.00736171, -0.00217843, 0.00150741, 0.43667134, -0.00698059], [0.00578717, -0.00121991, 0.00157087, -0.00154012, -0.00698059, 0.22446574]]}